AccomplishmentID,OriginalReviewInformation,SuppliedSourceIDs,Approval,ImplementedLocation,SourceFile,Verification
E01,** Authored and drove enterprise QA modernization strategies for Global Education.,"SUPPLIED-012, 020","Owner approved all items, October 8, 2026",/Experience/EmploymentAccomplishments#quality-engineering,Src/Portfolio_Core/Portfolio/Pages/Experience/EmploymentAccomplishments.cshtml,Rendered HTTP 200; content ID present; section anchor checked
E02,"** Combined repository-owned testing, shared QA platform capabilities, enterprise end-to-end validation, automated quality gates, and objective release governance.","SUPPLIED-013–017, 021, 023","Owner approved all items, October 8, 2026",/Experience/EmploymentAccomplishments#quality-engineering,Src/Portfolio_Core/Portfolio/Pages/Experience/EmploymentAccomplishments.cshtml,Rendered HTTP 200; content ID present; section anchor checked
E03,** Positioned TAPIR and VISTA as enterprise confidence layers and worked to increase enterprise coverage through them.,"SUPPLIED-015, 022, 036","Owner approved all items, October 8, 2026",/Experience/EmploymentAccomplishments#quality-engineering,Src/Portfolio_Core/Portfolio/Pages/Experience/EmploymentAccomplishments.cshtml,Rendered HTTP 200; content ID present; section anchor checked
E04,"** Work was described in E2E Quality Engineering.pptx, Global Ed - QA Automation Overview.docx, and Global Ed - QA Automation Roadmap.pptx. Review whether to disclose these document titles.",SUPPLIED-018,"Owner approved all items, October 8, 2026",/Experience/EmploymentAccomplishments#quality-engineering,Src/Portfolio_Core/Portfolio/Pages/Experience/EmploymentAccomplishments.cshtml,Rendered HTTP 200; content ID present; section anchor checked
E05,"** Standardized enterprise QA frameworks based on Microsoft-, Amazon-, and Google-style maturity models.",SUPPLIED-024,"Owner approved all items, October 8, 2026",/Experience/EmploymentAccomplishments#quality-engineering,Src/Portfolio_Core/Portfolio/Pages/Experience/EmploymentAccomplishments.cshtml,Rendered HTTP 200; content ID present; section anchor checked
E06,** Defined enterprise end-to-end testing strategies.,SUPPLIED-027,"Owner approved all items, October 8, 2026",/Experience/EmploymentAccomplishments#quality-engineering,Src/Portfolio_Core/Portfolio/Pages/Experience/EmploymentAccomplishments.cshtml,Rendered HTTP 200; content ID present; section anchor checked
E07,** Organized TAPIR training and governance.,SUPPLIED-028,"Owner approved all items, October 8, 2026",/Experience/EmploymentAccomplishments#quality-engineering,Src/Portfolio_Core/Portfolio/Pages/Experience/EmploymentAccomplishments.cshtml,Rendered HTTP 200; content ID present; section anchor checked
E08,** Led architectural discussions about QA ownership.,SUPPLIED-029,"Owner approved all items, October 8, 2026",/Experience/EmploymentAccomplishments#quality-engineering,Src/Portfolio_Core/Portfolio/Pages/Experience/EmploymentAccomplishments.cshtml,Rendered HTTP 200; content ID present; section anchor checked
E09,** Created shift-left automation frameworks.,SUPPLIED-030,"Owner approved all items, October 8, 2026",/Experience/EmploymentAccomplishments#quality-engineering,Src/Portfolio_Core/Portfolio/Pages/Experience/EmploymentAccomplishments.cshtml,Rendered HTTP 200; content ID present; section anchor checked
E10,"** Directed implementation involving Playwright, NUnit, QA API, WireMock, and automated testing standards. Review names and contribution scope.",SUPPLIED-031,"Owner approved all items, October 8, 2026",/Experience/EmploymentAccomplishments#quality-engineering,Src/Portfolio_Core/Portfolio/Pages/Experience/EmploymentAccomplishments.cshtml,Rendered HTTP 200; content ID present; section anchor checked
E11,** Created automation scaffolding and reusable QA templates for teams and standardized automation approaches.,SUPPLIED-033–035,"Owner approved all items, October 8, 2026",/Experience/EmploymentAccomplishments#quality-engineering,Src/Portfolio_Core/Portfolio/Pages/Experience/EmploymentAccomplishments.cshtml,Rendered HTTP 200; content ID present; section anchor checked
E12,** Defined release confidence and business-critical testing paths.,SUPPLIED-037,"Owner approved all items, October 8, 2026",/Experience/EmploymentAccomplishments#quality-engineering,Src/Portfolio_Core/Portfolio/Pages/Experience/EmploymentAccomplishments.cshtml,Rendered HTTP 200; content ID present; section anchor checked
E13,"** Led discussions and architectural thinking on AI-assisted development, AI-generated testing, agent orchestration, AI governance, Software Factory adoption, AI review workflows, and AI-enabled engineering practices.",SUPPLIED-039–046,"Owner approved all items, October 8, 2026",/Experience/EmploymentAccomplishments#ai-engineering,Src/Portfolio_Core/Portfolio/Pages/Experience/EmploymentAccomplishments.cshtml,Rendered HTTP 200; content ID present; section anchor checked
E14,** Influenced Software Factory direction and helped establish portfolio adoption guidance. Review whether the initiative name is public.,"SUPPLIED-047, 080","Owner approved all items, October 8, 2026",/Experience/EmploymentAccomplishments#ai-engineering,Src/Portfolio_Core/Portfolio/Pages/Experience/EmploymentAccomplishments.cshtml,Rendered HTTP 200; content ID present; section anchor checked
E15,** Defined AI-assisted QA processes and AI-generated testing strategies.,SUPPLIED-049–050,"Owner approved all items, October 8, 2026",/Experience/EmploymentAccomplishments#ai-engineering,Src/Portfolio_Core/Portfolio/Pages/Experience/EmploymentAccomplishments.cshtml,Rendered HTTP 200; content ID present; section anchor checked
E16,** Explored AI code-review approaches. Retain the exploratory status.,SUPPLIED-051,"Owner approved all items, October 8, 2026",/Experience/EmploymentAccomplishments#ai-engineering,Src/Portfolio_Core/Portfolio/Pages/Experience/EmploymentAccomplishments.cshtml,Rendered HTTP 200; content ID present; section anchor checked
E17,** Organized architecture discussions on AI and quality engineering.,SUPPLIED-052,"Owner approved all items, October 8, 2026",/Experience/EmploymentAccomplishments#ai-engineering,Src/Portfolio_Core/Portfolio/Pages/Experience/EmploymentAccomplishments.cshtml,Rendered HTTP 200; content ID present; section anchor checked
E18,** Established governance and review models for AI-generated artifacts.,SUPPLIED-053,"Owner approved all items, October 8, 2026",/Experience/EmploymentAccomplishments#ai-engineering,Src/Portfolio_Core/Portfolio/Pages/Experience/EmploymentAccomplishments.cshtml,Rendered HTTP 200; content ID present; section anchor checked
E19,** Helped define workforce and role evolution in an AI-enabled future.,SUPPLIED-054,"Owner approved all items, October 8, 2026",/Experience/EmploymentAccomplishments#ai-engineering,Src/Portfolio_Core/Portfolio/Pages/Experience/EmploymentAccomplishments.cshtml,Rendered HTTP 200; content ID present; section anchor checked
E20,** Identified as the lead for engineer-focused AI enablement and technical implementation within the Education AI strategy. Review formal scope and initiative naming.,SUPPLIED-070,"Owner approved all items, October 8, 2026",/Experience/EmploymentAccomplishments#ai-engineering,Src/Portfolio_Core/Portfolio/Pages/Experience/EmploymentAccomplishments.cshtml,Rendered HTTP 200; content ID present; section anchor checked
E21,** Helped define agent orchestration frameworks.,SUPPLIED-057,"Owner approved all items, October 8, 2026",/Experience/EmploymentAccomplishments#enterprise-ai,Src/Portfolio_Core/Portfolio/Pages/Experience/EmploymentAccomplishments.cshtml,Rendered HTTP 200; content ID present; section anchor checked
E22,** Helped define shared marketplace models and recommended shared enterprise marketplaces.,"SUPPLIED-058, 065","Owner approved all items, October 8, 2026",/Experience/EmploymentAccomplishments#enterprise-ai,Src/Portfolio_Core/Portfolio/Pages/Experience/EmploymentAccomplishments.cshtml,Rendered HTTP 200; content ID present; section anchor checked
E23,** Helped define skills governance and recommended skill governance boards.,"SUPPLIED-059, 066","Owner approved all items, October 8, 2026",/Experience/EmploymentAccomplishments#enterprise-ai,Src/Portfolio_Core/Portfolio/Pages/Experience/EmploymentAccomplishments.cshtml,Rendered HTTP 200; content ID present; section anchor checked
E24,** Helped define AI reuse patterns and recommended reusable organizational AI capabilities.,"SUPPLIED-060, 069","Owner approved all items, October 8, 2026",/Experience/EmploymentAccomplishments#enterprise-ai,Src/Portfolio_Core/Portfolio/Pages/Experience/EmploymentAccomplishments.cshtml,Rendered HTTP 200; content ID present; section anchor checked
E25,** Participated in Foundry and Bedrock evaluation discussions. Preserve evaluation status; review vendor/platform naming.,SUPPLIED-061,"Owner approved all items, October 8, 2026",/Experience/EmploymentAccomplishments#enterprise-ai,Src/Portfolio_Core/Portfolio/Pages/Experience/EmploymentAccomplishments.cshtml,Rendered HTTP 200; content ID present; section anchor checked
E26,** Helped define shared skill repositories.,SUPPLIED-062,"Owner approved all items, October 8, 2026",/Experience/EmploymentAccomplishments#enterprise-ai,Src/Portfolio_Core/Portfolio/Pages/Experience/EmploymentAccomplishments.cshtml,Rendered HTTP 200; content ID present; section anchor checked
E27,** Helped define agent lifecycle governance.,SUPPLIED-063,"Owner approved all items, October 8, 2026",/Experience/EmploymentAccomplishments#enterprise-ai,Src/Portfolio_Core/Portfolio/Pages/Experience/EmploymentAccomplishments.cshtml,Rendered HTTP 200; content ID present; section anchor checked
E28,** Recommended versioning and ownership requirements.,SUPPLIED-067,"Owner approved all items, October 8, 2026",/Experience/EmploymentAccomplishments#enterprise-ai,Src/Portfolio_Core/Portfolio/Pages/Experience/EmploymentAccomplishments.cshtml,Rendered HTTP 200; content ID present; section anchor checked
E29,** Recommended standardized deployment pipelines.,SUPPLIED-068,"Owner approved all items, October 8, 2026",/Experience/EmploymentAccomplishments#enterprise-ai,Src/Portfolio_Core/Portfolio/Pages/Experience/EmploymentAccomplishments.cshtml,Rendered HTTP 200; content ID present; section anchor checked
E30,** Recurring participant and contributor in the Portfolio Architecture & Engineering Council. Review council name.,SUPPLIED-071,"Owner approved all items, October 8, 2026",/Experience/EmploymentAccomplishments#portfolio-governance,Src/Portfolio_Core/Portfolio/Pages/Experience/EmploymentAccomplishments.cshtml,Rendered HTTP 200; content ID present; section anchor checked
E31,"** Helped drive portfolio architecture standards, AI architecture readiness, technology governance, Software Factory strategy, cloud direction decisions, and engineering modernization efforts.",SUPPLIED-072–077,"Owner approved all items, October 8, 2026",/Experience/EmploymentAccomplishments#portfolio-governance,Src/Portfolio_Core/Portfolio/Pages/Experience/EmploymentAccomplishments.cshtml,Rendered HTTP 200; content ID present; section anchor checked
E32,** Contributed AI spend governance recommendations.,SUPPLIED-079,"Owner approved all items, October 8, 2026",/Experience/EmploymentAccomplishments#portfolio-governance,Src/Portfolio_Core/Portfolio/Pages/Experience/EmploymentAccomplishments.cshtml,Rendered HTTP 200; content ID present; section anchor checked
E33,** Contributed architecture impact analysis.,SUPPLIED-081,"Owner approved all items, October 8, 2026",/Experience/EmploymentAccomplishments#portfolio-governance,Src/Portfolio_Core/Portfolio/Pages/Experience/EmploymentAccomplishments.cshtml,Rendered HTTP 200; content ID present; section anchor checked
E34,** Contributed cloud migration strategy and platform modernization discussions.,SUPPLIED-082–083,"Owner approved all items, October 8, 2026",/Experience/EmploymentAccomplishments#portfolio-governance,Src/Portfolio_Core/Portfolio/Pages/Experience/EmploymentAccomplishments.cshtml,Rendered HTTP 200; content ID present; section anchor checked
E35,** Involved in security review and governance efforts involving BYU-Pathway systems. Review organizational and system identification.,SUPPLIED-084,"Owner approved all items, October 8, 2026",/Experience/EmploymentAccomplishments#security,Src/Portfolio_Core/Portfolio/Pages/Experience/EmploymentAccomplishments.cshtml,Rendered HTTP 200; content ID present; section anchor checked
E36,** Worked on security ownership analysis and incident-response governance.,SUPPLIED-086–087,"Owner approved all items, October 8, 2026",/Experience/EmploymentAccomplishments#security,Src/Portfolio_Core/Portfolio/Pages/Experience/EmploymentAccomplishments.cshtml,Rendered HTTP 200; content ID present; section anchor checked
E37,** Worked on technology onboarding controls and security review process improvements.,SUPPLIED-088–089,"Owner approved all items, October 8, 2026",/Experience/EmploymentAccomplishments#security,Src/Portfolio_Core/Portfolio/Pages/Experience/EmploymentAccomplishments.cshtml,Rendered HTTP 200; content ID present; section anchor checked
E38,** Worked on monitoring and observability expectations.,SUPPLIED-090,"Owner approved all items, October 8, 2026",/Experience/EmploymentAccomplishments#security,Src/Portfolio_Core/Portfolio/Pages/Experience/EmploymentAccomplishments.cshtml,Rendered HTTP 200; content ID present; section anchor checked
E39,** Worked on shadow IT identification and remediation. Review whether this characterization is appropriate publicly.,SUPPLIED-091,"Owner approved all items, October 8, 2026",/Experience/EmploymentAccomplishments#security,Src/Portfolio_Core/Portfolio/Pages/Experience/EmploymentAccomplishments.cshtml,Rendered HTTP 200; content ID present; section anchor checked
E40,"** Assigned to migrate the missionary chat application from Render and other unapproved platforms to approved enterprise environments, integrating GitHub security controls and deployment processes. This describes an assignment, not evidence of a completed migration. Review application, vendor, and unapproved-platform details.",SUPPLIED-092–093,"Owner approved all items, October 8, 2026",/Experience/EmploymentAccomplishments#hosting-transition,Src/Portfolio_Core/Portfolio/Pages/Experience/EmploymentAccomplishments.cshtml,Rendered HTTP 200; content ID present; section anchor checked
E41,"** Work on that platform included technology governance, security remediation, source-code migration, GitHub security integration, hosting transition planning, and operational readiness review.",SUPPLIED-094–100,"Owner approved all items, October 8, 2026",/Experience/EmploymentAccomplishments#hosting-transition,Src/Portfolio_Core/Portfolio/Pages/Experience/EmploymentAccomplishments.cshtml,Rendered HTTP 200; content ID present; section anchor checked
E42,"** Acquired source code, enabled scanning and monitoring, identified security issues, and began transition planning toward approved hosting models. Review disclosure of security findings and current transition status.",SUPPLIED-101–105,"Owner approved all items, October 8, 2026",/Experience/EmploymentAccomplishments#hosting-transition,Src/Portfolio_Core/Portfolio/Pages/Experience/EmploymentAccomplishments.cshtml,Rendered HTTP 200; content ID present; section anchor checked
E43,** Work included cloud migration planning and Azure/AWS modernization discussions.,SUPPLIED-107–108,"Owner approved all items, October 8, 2026",/Experience/EmploymentAccomplishments#cloud-devops,Src/Portfolio_Core/Portfolio/Pages/Experience/EmploymentAccomplishments.cshtml,Rendered HTTP 200; content ID present; section anchor checked
E44,** Work included CI/CD quality integration.,SUPPLIED-109,"Owner approved all items, October 8, 2026",/Experience/EmploymentAccomplishments#cloud-devops,Src/Portfolio_Core/Portfolio/Pages/Experience/EmploymentAccomplishments.cshtml,Rendered HTTP 200; content ID present; section anchor checked
E45,** Work included GitHub migration efforts.,SUPPLIED-110,"Owner approved all items, October 8, 2026",/Experience/EmploymentAccomplishments#cloud-devops,Src/Portfolio_Core/Portfolio/Pages/Experience/EmploymentAccomplishments.cshtml,Rendered HTTP 200; content ID present; section anchor checked
E46,** Work included automation governance.,SUPPLIED-111,"Owner approved all items, October 8, 2026",/Experience/EmploymentAccomplishments#cloud-devops,Src/Portfolio_Core/Portfolio/Pages/Experience/EmploymentAccomplishments.cshtml,Rendered HTTP 200; content ID present; section anchor checked
E47,** Work included cloud architecture reviews.,SUPPLIED-112,"Owner approved all items, October 8, 2026",/Experience/EmploymentAccomplishments#cloud-devops,Src/Portfolio_Core/Portfolio/Pages/Experience/EmploymentAccomplishments.cshtml,Rendered HTTP 200; content ID present; section anchor checked
E48,"** Participated in discussions about AWS adoption, Azure-to-AWS transitions, cloud governance, enterprise deployment standards, and platform engineering modernization. Review whether direction and vendor names can be public; preserve discussion status.",SUPPLIED-114–118,"Owner approved all items, October 8, 2026",/Experience/EmploymentAccomplishments#cloud-devops,Src/Portfolio_Core/Portfolio/Pages/Experience/EmploymentAccomplishments.cshtml,Rendered HTTP 200; content ID present; section anchor checked
E49,"** The summary describes shaping engineering practices, AI adoption, testing strategy, governance standards, and platform direction across Global Education.",SUPPLIED-005–010,"Owner approved all items, October 8, 2026",/Experience/EmploymentAccomplishments,Src/Portfolio_Core/Portfolio/Pages/Experience/EmploymentAccomplishments.cshtml,Rendered HTTP 200; content ID present; section anchor checked
E50,"** The summary says you ""appear to be one of the primary architectural drivers"" behind TAPIR, VISTA, and shift-left quality initiatives. Review the attribution and stronger headline language.",SUPPLIED-025,"Owner approved all items, October 8, 2026",/Experience/EmploymentAccomplishments#quality-engineering,Src/Portfolio_Core/Portfolio/Pages/Experience/EmploymentAccomplishments.cshtml,Rendered HTTP 200; content ID present; section anchor checked
E51,"** The summary describes connecting architecture, engineering, QA, product leadership, AI strategy, governance, and security through standards, frameworks, governance/operating models, training, roadmaps, and architectural direction.",SUPPLIED-120–128,"Owner approved all items, October 8, 2026",/Experience/EmploymentAccomplishments,Src/Portfolio_Core/Portfolio/Pages/Experience/EmploymentAccomplishments.cshtml,Rendered HTTP 200; content ID present; section anchor checked
E52,"** The proposed employee-review paragraph claims improvements in release confidence, automation maturity, security posture, and engineering effectiveness. No measurements are supplied. Review whether to use qualitative wording or omit these outcome claims.",SUPPLIED-129–130,"Owner approved all items, October 8, 2026",/Experience/EmploymentAccomplishments,Src/Portfolio_Core/Portfolio/Pages/Experience/EmploymentAccomplishments.cshtml,Rendered HTTP 200; content ID present; section anchor checked
